n_estimators,max_leaf_nodes,optimal_n_features,accuracy,estimated_memory_usage_kb
10,10,38,0.9443861693861696,5.4921875
10,11,16,0.9318764568764568,5.8671875
10,12,33,0.9415889665889664,6.546875
10,13,18,0.9373737373737374,6.9765625
10,14,31,0.9415986790986792,7.625
10,15,11,0.9401806526806528,8.015625
10,16,17,0.943006993006993,8.609375
10,17,22,0.9457362082362084,9.1953125
10,18,23,0.9499125874125872,9.75
10,19,20,0.943006993006993,10.2734375
10,20,31,0.9638403263403263,10.90625
10,21,22,0.9499514374514376,11.3828125
10,22,19,0.9554972804972806,11.90625
10,23,15,0.9499222999223,12.421875
10,24,12,0.9457750582750584,12.9453125
10,25,16,0.9485431235431236,13.5234375
10,26,25,0.9499222999223,14.140625
10,27,29,0.9568861693861692,14.71875
10,28,12,0.9513209013209012,15.1328125
10,29,23,0.9526903651903652,15.765625
10,30,20,0.9457556332556332,16.2890625
10,31,14,0.94996114996115,16.7890625
10,32,20,0.9554778554778556,17.3828125
10,33,16,0.9540889665889664,17.8984375
10,34,21,0.9527292152292152,18.484375
10,35,31,0.9541083916083916,19.0546875
10,36,20,0.955506993006993,19.5703125
10,37,23,0.9513111888111888,20.140625
10,38,21,0.9554681429681432,20.671875
10,39,12,0.9485334110334108,21.1484375
10,40,36,0.963830613830614,20.953125
10,41,36,0.9638403263403263,22.2109375
10,42,23,0.9499320124320124,22.328125
10,43,23,0.9499514374514372,23.3671875
10,44,33,0.9513403263403264,23.390625
10,45,33,0.9527292152292152,23.71875
10,46,33,0.9555167055167054,23.4453125
10,47,33,0.9555167055167054,23.7734375
10,48,15,0.9513306138306138,25.0546875
10,49,27,0.9527097902097902,24.875
10,50,27,0.9527097902097902,24.3828125
11,10,14,0.9262820512820512,5.82421875
11,11,23,0.9290695415695416,6.49609375
11,12,10,0.9332556332556332,6.99609375
11,13,36,0.9388306138306138,7.80078125
11,14,31,0.9402000777000776,8.36328125
11,15,24,0.9513403263403262,8.91015625
11,16,26,0.9471542346542348,9.52734375
11,17,20,0.9485334110334108,10.08203125
11,18,16,0.9540598290598292,10.65234375
11,19,22,0.9457944832944832,11.30078125
11,20,25,0.955526418026418,11.92578125
11,21,23,0.9513209013209014,12.51171875
11,22,23,0.9499222999223,13.11328125
11,23,13,0.9527000777000776,13.63671875
11,24,23,0.949902874902875,14.31640625
11,25,32,0.9513403263403262,14.98828125
11,26,20,0.9513111888111888,15.49609375
11,27,30,0.9541083916083916,16.17578125
11,28,24,0.9624708624708624,16.73046875
11,29,24,0.9569055944055944,17.33203125
11,30,16,0.954118104118104,17.87109375
11,31,20,0.9527195027195028,18.50390625
11,32,20,0.954079254079254,19.10546875
11,33,19,0.954118104118104,19.69921875
11,34,31,0.956895881895882,20.39453125
11,35,16,0.9499222999223,20.87890625
11,36,25,0.9568861693861692,21.55078125
11,37,17,0.9568861693861692,22.08984375
11,38,24,0.9513500388500388,22.74609375
11,39,28,0.9582750582750584,22.94140625
11,40,15,0.9527000777000778,23.87890625
11,41,15,0.9513111888111888,24.48046875
11,42,23,0.954118104118104,24.54296875
11,43,14,0.9513306138306138,25.67578125
11,44,17,0.9540986790986792,25.58984375
11,45,21,0.9541278166278166,25.83984375
11,46,14,0.9554972804972806,27.04296875
11,47,14,0.9568861693861692,28.08203125
11,48,14,0.9568861693861692,28.24609375
11,49,23,0.9652195027195029,27.76953125
11,50,23,0.963830613830614,27.22265625
12,10,16,0.930448717948718,6.359375
12,11,23,0.9388111888111887,7.0703125
12,12,31,0.9388014763014764,7.7890625
12,13,22,0.9471542346542348,8.375
12,14,22,0.942968142968143,9.03125
12,15,25,0.9471639471639473,9.7109375
12,16,19,0.9471445221445224,10.3203125
12,17,11,0.9416083916083916,10.9140625
12,18,25,0.9513209013209012,11.6796875
12,19,25,0.9485431235431236,12.3359375
12,20,21,0.9513306138306138,12.9609375
12,21,24,0.9568861693861695,13.640625
12,22,16,0.9485431235431236,14.234375
12,23,14,0.9499222999223,14.875
12,24,37,0.954118104118104,15.7109375
12,25,17,0.9527292152292152,16.2109375
12,26,27,0.9541278166278166,16.9453125
12,27,13,0.9527195027195028,17.4921875
12,28,32,0.9540986790986792,18.296875
12,29,16,0.956876456876457,18.828125
12,30,28,0.955506993006993,19.578125
12,31,19,0.954118104118104,20.1640625
12,32,28,0.954079254079254,20.890625
12,33,16,0.956895881895882,21.453125
12,34,36,0.9582944832944832,22.265625
12,35,20,0.9596736596736598,22.796875
12,36,30,0.9540986790986792,23.53125
12,37,21,0.949941724941725,24.1171875
12,38,34,0.9554972804972806,24.875
12,39,19,0.9541083916083916,25.0859375
12,40,26,0.955506993006993,26.015625
12,41,21,0.9596736596736598,26.46875
12,42,16,0.9540889665889664,26.921875
12,43,21,0.955506993006993,27.671875
12,44,24,0.959644522144522,28.4609375
12,45,19,0.9541278166278166,28.09375
12,46,23,0.9513209013209014,27.6328125
12,47,23,0.9513209013209014,28.7265625
12,48,23,0.9513209013209014,29.0546875
12,49,23,0.9513209013209014,28.7265625
12,50,23,0.9513209013209014,30.203125
13,10,25,0.9304778554778554,6.94921875
13,11,21,0.941579254079254,7.62890625
13,12,16,0.9402000777000776,8.30078125
13,13,26,0.9471736596736596,9.08984375
13,14,16,0.941579254079254,9.72265625
13,15,25,0.9443764568764568,10.50390625
13,16,33,0.9513209013209012,11.27734375
13,17,23,0.9499320124320124,11.91015625
13,18,24,0.9513209013209012,12.62890625
13,19,23,0.948513986013986,13.33203125
13,20,22,0.9554972804972806,14.03515625
13,21,19,0.9499514374514376,14.72265625
13,22,25,0.9568861693861692,15.48046875
13,23,15,0.955487567987568,16.11328125
13,24,24,0.9554778554778556,16.89453125
13,25,19,0.9471833721833722,17.56640625
13,26,16,0.9540986790986792,18.25390625
13,27,15,0.9582750582750584,18.95703125
13,28,23,0.9554584304584304,19.73046875
13,29,20,0.9582750582750584,20.41796875
13,30,37,0.9582944832944832,21.26171875
13,31,25,0.955506993006993,21.87890625
13,32,19,0.9541083916083916,22.54296875
13,33,18,0.954118104118104,23.24609375
13,34,16,0.961072261072261,23.94140625
13,35,33,0.9582653457653456,24.78515625
13,36,26,0.9540986790986792,25.33203125
13,37,25,0.9583041958041958,25.87109375
13,38,22,0.955487567987568,26.77734375
13,39,20,0.9568764568764568,27.52734375
13,40,23,0.9554778554778556,28.15234375
13,41,34,0.9666472416472416,28.89453125
13,42,26,0.955487567987568,29.16015625
13,43,18,0.9568861693861692,29.31640625
13,44,18,0.961052836052836,30.35546875
13,45,18,0.961052836052836,30.41015625
13,46,17,0.9527000777000778,30.67578125
13,47,15,0.9541083916083916,32.19140625
13,48,15,0.9541083916083916,32.51953125
13,49,17,0.955506993006993,31.33203125
13,50,17,0.955506993006993,31.76953125
14,10,24,0.9360139860139862,7.4609375
14,11,30,0.944376456876457,8.2734375
14,12,22,0.942987567987568,8.9765625
14,13,22,0.9388111888111887,9.7421875
14,14,34,0.9513014763014762,10.6015625
14,15,22,0.9485334110334108,11.2734375
14,16,26,0.9457459207459208,12.0703125
14,17,27,0.9513500388500388,12.84375
14,18,16,0.9582750582750584,13.5234375
14,19,19,0.9526903651903652,14.3125
14,20,31,0.9513306138306138,15.171875
14,21,26,0.9485431235431236,15.8984375
14,22,24,0.9596639471639472,16.6484375
14,23,23,0.9499320124320124,17.40625
14,24,21,0.9582556332556332,18.15625
14,25,25,0.9596736596736596,18.953125
14,26,27,0.9596736596736598,19.734375
14,27,20,0.9541083916083916,20.4453125
14,28,18,0.9554778554778556,21.1953125
14,29,20,0.954079254079254,21.9765625
14,30,27,0.9569055944055944,22.796875
14,31,36,0.9624708624708624,23.6328125
14,32,29,0.9582556332556332,24.34375
14,33,21,0.9513111888111888,25.046875
14,34,13,0.9554972804972804,25.75
14,35,21,0.9540986790986792,26.578125
14,36,25,0.955487567987568,27.375
14,37,10,0.9527292152292152,28.0234375
14,38,20,0.9541472416472416,28.8671875
14,39,21,0.9541278166278166,29.4765625
14,40,23,0.955506993006993,30.3671875
14,41,33,0.9624320124320124,30.71875
14,42,33,0.9624320124320124,31.703125
14,43,29,0.9555361305361304,31.7265625
14,44,31,0.9568667443667443,31.796875
14,45,14,0.955506993006993,33.5234375
14,46,27,0.9554972804972806,31.65625
14,47,14,0.954118104118104,35.4375
14,48,27,0.9541083916083916,32.4765625
14,49,27,0.9541083916083916,33.8984375
14,50,27,0.9541083916083916,33.625
15,10,37,0.9527195027195028,8.08203125
15,11,26,0.9388111888111887,8.81640625
15,12,14,0.942987567987568,9.54296875
15,13,30,0.9485625485625484,10.48828125
15,14,16,0.94020979020979,11.19921875
15,15,21,0.9457750582750584,12.05859375
15,16,24,0.9540986790986792,12.90234375
15,17,20,0.947144522144522,13.69140625
15,18,23,0.9541083916083916,14.53515625
15,19,18,0.9513111888111888,15.31640625
15,20,19,0.9541083916083916,16.14453125
15,21,17,0.9541472416472416,16.94921875
15,22,20,0.9541083916083916,17.79296875
15,23,33,0.9638500388500388,18.71484375
15,24,20,0.956876456876457,19.43359375
15,25,44,0.9694055944055944,20.44140625
15,26,50,0.9652583527583528,21.30859375
15,27,18,0.9554972804972804,21.87890625
15,28,28,0.9541083916083916,22.77734375
15,29,17,0.9582653457653456,23.51171875
15,30,22,0.9541083916083916,24.37109375
15,31,19,0.956857031857032,25.16796875
15,32,30,0.9568861693861692,26.07421875
15,33,38,0.963869463869464,26.95703125
15,34,24,0.9582750582750584,27.66796875
15,35,14,0.954118104118104,28.41015625
15,36,21,0.9555167055167056,29.28515625
15,37,27,0.9541083916083916,29.98828125
15,38,28,0.955506993006993,30.87109375
15,39,37,0.9624902874902876,31.48828125
15,40,25,0.956895881895882,32.54296875
15,41,30,0.968026418026418,32.63671875
15,42,30,0.9596736596736598,33.40234375
15,43,23,0.9568861693861692,34.49609375
15,44,22,0.9568861693861692,35.58203125
15,45,22,0.9568861693861692,35.63671875
15,46,22,0.9568861693861692,36.83984375
15,47,22,0.9568861693861692,37.27734375
15,48,24,0.956895881895882,37.34765625
15,49,24,0.956895881895882,37.12890625
15,50,24,0.956895881895882,39.26171875
16,10,40,0.9374028749028748,8.625
16,11,36,0.9512917637917638,9.46875
16,12,20,0.9429778554778554,10.21875
16,13,25,0.9499125874125872,11.1328125
16,14,21,0.9415986790986792,11.9765625
16,15,26,0.9499320124320124,12.890625
16,16,36,0.961072261072261,13.84375
16,17,22,0.949941724941725,14.609375
16,18,27,0.9540889665889664,15.5234375
16,19,19,0.9513306138306138,16.3359375
16,20,20,0.9527292152292152,17.21875
16,21,30,0.9527000777000778,18.171875
16,22,26,0.9596736596736596,19.015625
16,23,23,0.9568764568764568,19.8671875
16,24,29,0.9568861693861692,20.7890625
16,25,18,0.954118104118104,21.578125
16,26,20,0.955487567987568,22.46875
16,27,16,0.9527097902097902,23.3125
16,28,28,0.9610431235431236,24.28125
16,29,21,0.9624514374514376,25.1015625
16,30,26,0.9610625485625486,26.015625
16,31,24,0.9540889665889664,26.875
16,32,24,0.9582944832944832,27.640625
16,33,17,0.9610625485625486,28.5703125
16,34,26,0.9569055944055944,29.515625
16,35,15,0.9540889665889664,30.3046875
16,36,25,0.9582750582750584,31.09375
16,37,21,0.961052836052836,31.6640625
16,38,24,0.9596639471639472,33.0
16,39,22,0.9569250194250196,33.3671875
16,40,25,0.9582847707847708,33.9375
16,41,21,0.9582847707847708,35.21875
16,42,27,0.9582944832944832,34.9375
16,43,36,0.9582750582750584,36.15625
16,44,35,0.9582847707847708,37.5703125
16,45,35,0.9582847707847708,38.2265625
16,46,24,0.956876456876457,38.1953125
16,47,24,0.956876456876457,39.0703125
16,48,24,0.9610722610722612,39.3984375
16,49,24,0.9610722610722612,39.2890625
16,50,24,0.9610722610722612,40.65625
17,10,24,0.936033411033411,9.01953125
17,11,25,0.9471250971250972,9.95703125
17,12,40,0.955506993006993,11.00390625
17,13,20,0.9457459207459208,11.77734375
17,14,23,0.9457556332556332,12.73046875
17,15,20,0.9513306138306138,13.63671875
17,16,25,0.9540986790986792,14.60546875
17,17,45,0.9540986790986792,15.69140625
17,18,30,0.956895881895882,16.50390625
17,19,19,0.9499222999223,17.34765625
17,20,18,0.9527292152292152,18.26953125
17,21,31,0.9582653457653458,19.30078125
17,22,24,0.9554875679875678,20.17578125
17,23,27,0.9568764568764568,21.12890625
17,24,16,0.9568861693861692,21.97265625
17,25,14,0.955506993006993,22.88671875
17,26,20,0.956876456876457,23.86328125
17,27,22,0.9596736596736596,24.80859375
17,28,28,0.9568861693861692,25.78515625
17,29,36,0.9666278166278166,26.77734375
17,30,25,0.9596542346542346,27.62109375
17,31,16,0.9582944832944832,28.48046875
17,32,23,0.9569055944055944,29.41015625
17,33,36,0.9596833721833722,30.27734375
17,34,22,0.9568667443667443,31.31640625
17,35,14,0.9596639471639472,32.18359375
17,36,25,0.956895881895882,33.19921875
17,37,32,0.9610625485625486,34.12890625
17,38,32,0.9638500388500388,35.11328125
17,39,55,0.9722027972027972,35.83984375
17,40,24,0.9610431235431236,36.85546875
17,41,20,0.9610722610722612,37.69921875
17,42,20,0.956876456876457,38.30078125
17,43,20,0.9610431235431236,39.06640625
17,44,20,0.9624320124320124,39.06640625
17,45,20,0.9624320124320124,39.23046875
17,46,20,0.9624320124320124,40.70703125
17,47,20,0.9624320124320124,41.14453125
17,48,20,0.9582653457653456,41.85546875
17,49,20,0.9582653457653456,43.76953125
17,50,20,0.9638209013209011,41.36328125
18,10,18,0.9318376068376067,9.4921875
18,11,21,0.9388014763014764,10.5
18,12,25,0.9416083916083916,11.515625
18,13,25,0.9471542346542348,12.5
18,14,17,0.9471542346542348,13.421875
18,15,22,0.9540986790986792,14.4453125
18,16,22,0.9499222999223,15.4296875
18,17,28,0.9527292152292152,16.4609375
18,18,28,0.9526903651903652,17.4453125
18,19,14,0.9527195027195028,18.3203125
18,20,20,0.9569055944055944,19.3515625
18,21,16,0.948552836052836,20.3046875
18,22,17,0.9527195027195028,21.296875
18,23,23,0.9569055944055944,22.328125
18,24,24,0.954079254079254,23.3203125
18,25,22,0.956895881895882,24.2890625
18,26,19,0.959644522144522,25.25
18,27,22,0.9568861693861695,26.2578125
18,28,27,0.9555167055167054,27.28125
18,29,24,0.9569055944055944,28.2421875
18,30,21,0.9582556332556332,29.203125
18,31,24,0.956895881895882,30.2109375
18,32,22,0.9596639471639472,31.1796875
18,33,36,0.9610819735819736,32.2734375
18,34,26,0.9596833721833722,33.1796875
18,35,22,0.9568861693861692,34.078125
18,36,20,0.9596736596736598,35.1015625
18,37,17,0.9596542346542346,36.0625
18,38,31,0.9596833721833722,37.15625
18,39,24,0.9624514374514376,37.8125
18,40,24,0.956895881895882,38.8515625
18,41,36,0.9722125097125096,38.6171875
18,42,36,0.9708236208236208,40.0390625
18,43,14,0.954118104118104,41.8359375
18,44,19,0.9527097902097902,42.6953125
18,45,19,0.956876456876457,43.0234375
18,46,19,0.956876456876457,42.53125
18,47,19,0.9540986790986792,43.0234375
18,48,14,0.9527292152292152,45.28125
18,49,14,0.9527292152292152,46.921875
18,50,14,0.954118104118104,46.7578125
19,10,21,0.9388014763014764,10.03515625
19,11,20,0.94020979020979,11.06640625
19,12,18,0.9415695415695416,12.08984375
19,13,36,0.9485431235431236,13.26953125
19,14,27,0.9471542346542348,14.23828125
19,15,17,0.9457556332556332,15.19921875
19,16,31,0.9513111888111888,16.34765625
19,17,36,0.9541375291375293,17.42578125
19,18,30,0.9527292152292152,18.41796875
19,19,27,0.9513209013209014,19.43359375
19,20,29,0.9582847707847708,20.48828125
19,21,21,0.9568861693861692,21.46484375
19,22,16,0.9540986790986792,22.46484375
19,23,16,0.955506993006993,23.50390625
19,24,25,0.956895881895882,24.61328125
19,25,28,0.9540986790986792,25.67578125
19,26,21,0.9582653457653456,26.66015625
19,27,33,0.9596833721833722,27.79296875
19,28,27,0.9554972804972806,28.78515625
19,29,22,0.9582847707847708,29.78515625
19,30,25,0.9582944832944832,30.84765625
19,31,31,0.96520979020979,31.93359375
19,32,19,0.9582750582750584,32.87890625
19,33,30,0.9582556332556332,33.94921875
19,34,27,0.9596639471639472,35.01953125
19,35,32,0.9624320124320124,35.98828125
19,36,34,0.9652292152292152,37.09765625
19,37,20,0.9555167055167054,38.08203125
19,38,17,0.9596736596736596,39.09765625
19,39,31,0.9582944832944832,40.08203125
19,40,36,0.9596736596736596,41.26953125
19,41,23,0.9610431235431236,42.04296875
19,42,36,0.961072261072261,42.14453125
19,43,16,0.9610625485625488,44.17578125
19,44,35,0.9638694638694638,44.87109375
19,45,35,0.9638694638694638,44.98046875
19,46,16,0.961052836052836,46.74609375
19,47,16,0.961052836052836,46.85546875
19,48,16,0.9624417249417252,47.94921875
19,49,16,0.9624417249417252,47.23828125
19,50,16,0.9624417249417252,48.33203125
20,10,22,0.9402000777000776,10.5625
20,11,26,0.942987567987568,11.6875
20,12,26,0.9443667443667444,12.78125
20,13,28,0.947144522144522,13.890625
20,14,17,0.9457556332556332,14.8984375
20,15,16,0.9471639471639473,15.984375
20,16,31,0.9541083916083916,17.1953125
20,17,23,0.9596736596736598,18.2265625
20,18,19,0.955487567987568,19.2890625
20,19,27,0.9582750582750584,20.4453125
20,20,28,0.9568861693861692,21.546875
20,21,34,0.9666278166278166,22.6875
20,22,23,0.9554778554778556,23.6953125
20,23,24,0.9582944832944832,24.796875
20,24,22,0.9582653457653456,25.875
20,25,20,0.9582847707847708,26.953125
20,26,13,0.9527000777000778,27.9921875
20,27,28,0.9624611499611498,29.203125
20,28,24,0.9583041958041958,30.265625
20,29,20,0.956895881895882,31.328125
20,30,26,0.9624611499611498,32.46875
20,31,26,0.9624611499611498,33.5625
20,32,29,0.9638597513597512,34.6796875
20,33,24,0.9596639471639472,35.734375
20,34,23,0.9624514374514376,36.8203125
20,35,33,0.9652292152292152,37.9921875
20,36,24,0.9652389277389276,39.015625
20,37,27,0.9638500388500388,40.1328125
20,38,24,0.9624417249417248,41.203125
20,39,24,0.961052836052836,41.9140625
20,40,18,0.9582653457653456,43.34375
20,41,18,0.9582653457653456,43.890625
20,42,18,0.9568764568764568,44.765625
20,43,20,0.9554778554778556,46.2578125
20,44,20,0.9554778554778556,47.078125
20,45,20,0.9554778554778556,47.4609375
20,46,20,0.9554778554778556,48.8828125
20,47,22,0.961072261072261,47.75
20,48,26,0.9624514374514376,48.109375
20,49,26,0.9624514374514376,50.5703125
20,50,22,0.9638500388500388,51.140625
21,10,22,0.9388014763014764,11.08203125
21,11,27,0.9443473193473194,12.26953125
21,12,24,0.947144522144522,13.39453125
21,13,28,0.945765345765346,14.57421875
21,14,16,0.9471445221445224,15.62890625
21,15,31,0.9499417249417248,16.89453125
21,16,27,0.947144522144522,18.01171875
21,17,26,0.954079254079254,19.15234375
21,18,20,0.9499417249417248,20.25390625
21,19,32,0.9568764568764568,21.49609375
21,20,21,0.954118104118104,22.55859375
21,21,20,0.9582750582750584,23.69921875
21,22,16,0.9541083916083916,24.81640625
21,23,30,0.9596930846930848,26.07421875
21,24,34,0.9555167055167056,27.25390625
21,25,37,0.9638403263403263,28.42578125
21,26,29,0.9638209013209011,29.51171875
21,27,32,0.9582944832944832,30.68359375
21,28,38,0.9624708624708624,31.87890625
21,29,19,0.9582750582750584,32.87890625
21,30,26,0.9582750582750584,34.08203125
21,31,28,0.9582847707847708,35.24609375
21,32,23,0.9596542346542346,36.35546875
21,33,23,0.9624611499611498,37.50390625
21,34,14,0.956895881895882,38.58203125
21,35,26,0.961072261072261,39.82421875
21,36,24,0.9596542346542346,40.95703125
21,37,24,0.9568667443667443,42.10546875
21,38,22,0.956895881895882,43.23828125
21,39,27,0.9624611499611498,44.42578125
21,40,26,0.9569055944055944,44.69140625
21,41,27,0.9666083916083916,45.51953125
21,42,27,0.9694055944055944,46.99609375
21,43,27,0.9694055944055944,48.14453125
21,44,27,0.9666083916083916,47.76171875
21,45,27,0.961052836052836,48.85546875
21,46,27,0.9666083916083916,49.07421875
21,47,27,0.9666083916083916,50.11328125
21,48,27,0.9666083916083916,50.55078125
21,49,27,0.9666083916083916,50.16796875
21,50,27,0.9666083916083916,52.30078125
22,10,22,0.934644522144522,11.6015625
22,11,22,0.9429584304584304,12.8046875
22,12,22,0.944357031857032,14.0078125
22,13,28,0.9443764568764568,15.2578125
22,14,38,0.9513306138306138,16.5390625
22,15,16,0.9540889665889664,17.5703125
22,16,27,0.9540889665889664,18.859375
22,17,41,0.9554972804972806,20.171875
22,18,24,0.9527195027195028,21.2421875
22,19,24,0.94996114996115,22.4453125
22,20,26,0.9554778554778556,23.6640625
22,21,41,0.9680167055167056,24.984375
22,22,23,0.9513209013209012,26.046875
22,23,30,0.9583139083139084,27.3046875
22,24,21,0.9610625485625486,28.4375
22,25,24,0.954118104118104,29.6640625
22,26,25,0.9568667443667443,30.875
22,27,27,0.9596639471639472,32.09375
22,28,20,0.9596639471639472,33.2421875
22,29,28,0.956895881895882,34.5078125
22,30,20,0.9568667443667443,35.6484375
22,31,22,0.9569055944055944,36.8671875
22,32,23,0.956895881895882,38.078125
22,33,22,0.9582750582750584,39.2734375
22,34,32,0.9624514374514376,40.5546875
22,35,19,0.955506993006993,41.65625
22,36,17,0.954118104118104,42.84375
22,37,23,0.9582653457653456,44.09375
22,38,24,0.9638500388500388,44.921875
22,39,31,0.9707944832944831,46.5078125
22,40,24,0.9568861693861695,47.0
22,41,30,0.9624708624708624,48.8515625
22,42,30,0.9610431235431236,47.4296875
22,43,30,0.9610431235431236,49.6171875
22,44,24,0.9596736596736598,52.140625
22,45,30,0.9680264180264182,51.0390625
22,46,20,0.9582847707847708,53.421875
22,47,21,0.961072261072261,54.140625
22,48,21,0.9596833721833722,54.46875
22,49,21,0.9596833721833722,55.5625
22,50,21,0.9596833721833722,55.8359375
23,10,30,0.9388209013209012,12.18359375
23,11,16,0.9415986790986792,13.33203125
23,12,31,0.942968142968143,14.70703125
23,13,32,0.949941724941725,15.97265625
23,14,22,0.9485334110334108,17.15234375
23,15,26,0.9485334110334108,18.44140625
23,16,36,0.9610625485625486,19.77734375
23,17,34,0.9540889665889668,21.01953125
23,18,25,0.954118104118104,22.20703125
23,19,36,0.9582750582750584,23.55078125
23,20,19,0.9540889665889668,24.67578125
23,21,29,0.956895881895882,26.01171875
23,22,29,0.9582944832944832,27.26953125
23,23,37,0.9582847707847708,28.58984375
23,24,22,0.9596736596736598,29.73046875
23,25,20,0.9568861693861692,30.97265625
23,26,28,0.961072261072261,32.29296875
23,27,26,0.9652389277389276,33.53515625
23,28,21,0.9582847707847708,34.75390625
23,29,25,0.954118104118104,36.04296875
23,30,25,0.9596639471639472,37.30078125
23,31,26,0.961052836052836,38.56640625
23,32,21,0.9582847707847708,39.78515625
23,33,34,0.9624514374514376,41.14453125
23,34,19,0.9582847707847708,42.28515625
23,35,29,0.9652292152292152,43.62109375
23,36,17,0.9596833721833722,44.73046875
23,37,15,0.9596930846930846,46.02734375
23,38,29,0.9596639471639472,46.95703125
23,39,38,0.9624514374514372,48.44921875
23,40,29,0.961052836052836,49.19921875
23,41,24,0.9569055944055944,50.96484375
23,42,27,0.9582944832944832,50.55078125
23,43,15,0.9569055944055944,53.51953125
23,44,15,0.9569055944055944,54.23046875
23,45,15,0.9569055944055944,55.48828125
23,46,31,0.9610625485625486,55.06640625
23,47,31,0.9610625485625486,53.75390625
23,48,24,0.9582847707847708,56.81640625
23,49,24,0.9582847707847708,56.98046875
23,50,24,0.9582847707847708,56.32421875
24,10,17,0.9387820512820512,12.6015625
24,11,27,0.9415695415695418,13.9921875
24,12,29,0.9471445221445224,15.3203125
24,13,22,0.9457750582750584,16.578125
24,14,28,0.9527195027195028,17.9375
24,15,19,0.9499222999223,19.1796875
24,16,19,0.9513014763014762,20.4921875
24,17,31,0.9541278166278164,21.8984375
24,18,23,0.9527000777000776,23.1484375
24,19,16,0.9527097902097902,24.40625
24,20,17,0.9582944832944832,25.7265625
24,21,23,0.9541083916083916,27.0859375
24,22,27,0.9582653457653458,28.4296875
24,23,19,0.9554972804972806,29.6796875
24,24,31,0.9596736596736596,31.0859375
24,25,26,0.9596736596736596,32.359375
24,26,21,0.9582847707847708,33.6328125
24,27,20,0.9596736596736598,34.9375
24,28,26,0.9582944832944832,36.296875
24,29,27,0.9596736596736596,37.6171875
24,30,24,0.961052836052836,38.90625
24,31,31,0.961072261072261,40.2734375
24,32,26,0.9596736596736598,41.546875
24,33,19,0.9610722610722612,42.8046875
24,34,27,0.9638403263403262,44.1796875
24,35,23,0.9610625485625486,45.4609375
24,36,37,0.9666472416472416,46.7734375
24,37,21,0.9555167055167056,48.0703125
24,38,20,0.9652195027195029,49.1015625
24,39,19,0.9610431235431236,50.3515625
24,40,26,0.9582847707847708,50.5703125
24,41,25,0.961052836052836,51.6015625
24,42,25,0.9596639471639472,53.1328125
24,43,26,0.9610625485625486,53.8515625
24,44,29,0.9596833721833722,56.1171875
24,45,28,0.9582847707847708,56.1640625
24,46,25,0.9582944832944832,57.0703125
24,47,28,0.9596736596736596,57.6953125
24,48,29,0.961052836052836,57.4296875
24,49,29,0.961052836052836,56.5
24,50,29,0.961052836052836,57.921875
25,10,33,0.9457653457653457,13.24609375
25,11,27,0.944357031857032,14.56640625
25,12,28,0.9540986790986792,15.94140625
25,13,28,0.9471348096348096,17.30859375
25,14,36,0.9513306138306138,18.73828125
25,15,20,0.9499125874125872,19.98046875
25,16,31,0.948552836052836,21.43359375
25,17,27,0.9499320124320124,22.76953125
25,18,27,0.9596639471639472,24.13671875
25,19,26,0.955487567987568,25.49609375
25,20,33,0.9596736596736596,26.91796875
25,21,31,0.9596639471639472,28.26953125
25,22,31,0.9582556332556332,29.63671875
25,23,27,0.956895881895882,30.97265625
25,24,27,0.9569055944055944,32.33984375
25,25,30,0.9610431235431236,33.73046875
25,26,37,0.9694055944055944,35.15234375
25,27,32,0.9610722610722612,36.48046875
25,28,24,0.9582847707847708,37.78515625
25,29,23,0.9596639471639472,39.14453125
25,30,26,0.959683372183372,40.53515625
25,31,23,0.9624417249417248,41.87890625
25,32,21,0.9596639471639472,43.23046875
25,33,27,0.9582944832944832,44.64453125
25,34,24,0.9582944832944832,45.98828125
25,35,31,0.9680167055167054,47.41015625
25,36,25,0.961072261072261,48.73046875
25,37,25,0.963830613830614,50.04296875
25,38,19,0.9596445221445222,51.25390625
25,39,27,0.9596833721833722,52.79296875
25,40,22,0.9596542346542346,53.90234375
25,41,28,0.963830613830614,54.93359375
25,42,28,0.9624611499611498,54.98828125
25,43,24,0.9582750582750584,58.18359375
25,44,24,0.9582750582750584,58.34765625
25,45,32,0.9624611499611498,59.83203125
25,46,32,0.961072261072261,59.66796875
25,47,32,0.961072261072261,58.13671875
25,48,25,0.961072261072261,60.76171875
25,49,23,0.9610431235431236,63.26171875
25,50,23,0.9610431235431236,61.83984375
26,10,20,0.9457264957264956,13.6640625
26,11,26,0.941579254079254,15.1328125
26,12,28,0.9457459207459208,16.5703125
26,13,27,0.9485236985236984,17.984375
26,14,27,0.9513111888111888,19.40625
26,15,21,0.9485236985236984,20.78125
26,16,27,0.9527097902097902,22.25
26,17,16,0.9527292152292152,23.5859375
26,18,27,0.9527000777000778,25.09375
26,19,27,0.9610431235431234,26.515625
26,20,23,0.9527097902097902,27.90625
26,21,25,0.954118104118104,29.34375
26,22,23,0.9568861693861692,30.75
26,23,41,0.96246114996115,32.3125
26,24,31,0.9596639471639472,33.65625
26,25,24,0.9582847707847708,35.0234375
26,26,27,0.9624708624708624,36.46875
26,27,21,0.9582847707847708,37.84375
26,28,22,0.954118104118104,39.2734375
26,29,34,0.9624417249417252,40.7890625
26,30,21,0.9610625485625488,42.109375
26,31,27,0.9610625485625486,43.578125
26,32,35,0.9624514374514376,45.0625
26,33,33,0.9596736596736598,46.46875
26,34,33,0.9610625485625486,47.890625
26,35,25,0.9638209013209011,49.25
26,36,37,0.9638403263403263,50.765625
26,37,25,0.9610625485625486,52.09375
26,38,24,0.9610625485625486,53.5078125
26,39,20,0.9582750582750584,54.8984375
26,40,27,0.9638403263403262,55.2265625
26,41,27,0.9568861693861692,56.59375
26,42,23,0.9596639471639472,58.4765625
26,43,23,0.9568861693861692,59.84375
26,44,27,0.9596736596736598,58.8359375
26,45,27,0.9596736596736598,60.421875
26,46,17,0.9582750582750584,61.9296875
26,47,17,0.9582750582750584,64.28125
26,48,25,0.9596639471639472,62.59375
26,49,25,0.9596639471639472,62.4296875
26,50,25,0.9596639471639472,62.6484375
27,10,33,0.9388014763014764,14.28515625
27,11,27,0.9388014763014764,15.71484375
27,12,31,0.9485236985236986,17.22265625
27,13,17,0.948513986013986,18.58984375
27,14,23,0.9429778554778554,20.11328125
27,15,26,0.9541083916083916,21.61328125
27,16,23,0.9527097902097902,23.06640625
27,17,27,0.9568861693861692,24.57421875
27,18,22,0.9527195027195028,26.01171875
27,19,17,0.9554972804972804,27.44921875
27,20,24,0.9624514374514376,28.98046875
27,21,32,0.9596639471639472,30.51953125
27,22,26,0.9582653457653456,31.94921875
27,23,21,0.9540889665889664,33.38671875
27,24,27,0.9582847707847708,34.91015625
27,25,19,0.956895881895882,36.32421875
27,26,28,0.9596736596736596,37.87109375
27,27,25,0.9554972804972806,39.32421875
27,28,34,0.9638500388500388,40.87109375
27,29,35,0.9610625485625486,42.35546875
27,30,31,0.9610625485625486,43.80078125
27,31,17,0.9596736596736598,45.16796875
27,32,20,0.9638403263403263,46.66796875
27,33,26,0.9596736596736596,48.19140625
27,34,31,0.9666375291375292,49.70703125
27,35,27,0.9638597513597512,51.15234375
27,36,28,0.9596639471639472,52.63671875
27,37,25,0.9610819735819736,53.98046875
27,38,27,0.9624514374514376,55.25390625
27,39,27,0.9638500388500388,57.05859375
27,40,21,0.9582944832944832,58.16015625
27,41,27,0.9582750582750584,58.04296875
27,42,22,0.9582750582750584,61.39453125
27,43,17,0.961072261072261,62.12109375
27,44,31,0.9624514374514376,60.97265625
27,45,31,0.9624514374514376,64.03515625
27,46,25,0.9582847707847708,61.80078125
27,47,30,0.9596930846930848,61.56640625
27,48,30,0.9596930846930848,65.12109375
27,49,30,0.9596930846930848,66.37890625
27,50,21,0.9568764568764568,68.87890625
28,10,16,0.9402000777000776,14.671875
28,11,28,0.9471542346542348,16.296875
28,12,23,0.9485431235431236,17.7890625
28,13,26,0.9457556332556332,19.34375
28,14,32,0.955487567987568,20.921875
28,15,24,0.9499125874125872,22.390625
28,16,21,0.956895881895882,23.8984375
28,17,21,0.9513209013209012,25.4296875
28,18,21,0.9554778554778556,26.9609375
28,19,24,0.9527097902097902,28.515625
28,20,31,0.9541083916083916,30.1015625
28,21,18,0.9540986790986792,31.53125
28,22,26,0.9666083916083916,33.125
28,23,29,0.9610625485625488,34.6796875
28,24,25,0.9569055944055944,36.1796875
28,25,31,0.9596736596736596,37.7578125
28,26,34,0.9638403263403262,39.3125
28,27,21,0.9568861693861695,40.7421875
28,28,25,0.9568861693861692,42.3046875
28,29,31,0.9638597513597512,43.8828125
28,30,27,0.96246114996115,45.3828125
28,31,19,0.9582750582750584,46.8515625
28,32,27,0.9610819735819736,48.4453125
28,33,31,0.9666375291375292,50.0078125
28,34,24,0.9624417249417248,51.484375
28,35,27,0.9652389277389276,52.9296875
28,36,19,0.961072261072261,54.5078125
28,37,29,0.9596736596736598,56.1171875
28,38,22,0.961052836052836,57.59375
28,39,31,0.9582944832944832,58.703125
28,40,34,0.9610625485625486,60.5859375
28,41,29,0.9610625485625486,61.4765625
28,42,17,0.9596542346542346,63.1875
28,43,31,0.9638694638694638,63.1328125
28,44,31,0.9638694638694638,62.640625
28,45,23,0.9624417249417248,66.515625
28,46,23,0.9624417249417248,67.71875
28,47,15,0.9596639471639472,71.15625
28,48,15,0.9624417249417248,71.7578125
28,49,15,0.9624417249417248,73.234375
28,50,15,0.9624417249417248,74.0546875
29,10,25,0.9402000777000776,15.26171875
29,11,26,0.9457653457653457,16.85546875
29,12,28,0.944376456876457,18.45703125
29,13,30,0.9513306138306138,20.05859375
29,14,14,0.9485625485625484,21.51953125
29,15,36,0.954118104118104,23.27734375
29,16,27,0.9527097902097902,24.79296875
29,17,26,0.9513306138306138,26.37109375
29,18,27,0.9568667443667443,27.96484375
29,19,20,0.9513111888111888,29.49609375
29,20,27,0.9680167055167056,31.13671875
29,21,34,0.9666278166278164,32.77734375
29,22,25,0.955487567987568,34.29296875
29,23,27,0.9596639471639472,35.89453125
29,24,29,0.9638403263403262,37.49609375
29,25,23,0.955506993006993,39.03515625
29,26,36,0.9610625485625486,40.72265625
29,27,16,0.9554972804972806,42.15234375
29,28,23,0.9596833721833722,43.79296875
29,29,29,0.961052836052836,45.42578125
29,30,30,0.9638403263403263,47.01953125
29,31,24,0.956895881895882,48.55859375
29,32,30,0.9638597513597512,50.19140625
29,33,34,0.9638597513597512,51.80859375
29,34,26,0.9596736596736598,53.33203125
29,35,27,0.9596639471639472,54.87109375
29,36,16,0.9582847707847708,56.42578125
29,37,21,0.956895881895882,57.94140625
29,38,24,0.968026418026418,59.60546875
29,39,24,0.9652486402486404,61.13671875
29,40,26,0.9610625485625486,61.69921875
29,41,25,0.9582750582750584,63.33203125
29,42,25,0.9624417249417252,64.75390625
29,43,18,0.9596736596736596,66.28515625
29,44,18,0.9596736596736596,67.65234375
29,45,19,0.9638403263403262,69.08203125
29,46,19,0.9638403263403262,71.59765625
29,47,19,0.9652292152292152,70.72265625
29,48,23,0.9610625485625486,72.50390625
29,49,23,0.9610625485625486,73.10546875
29,50,23,0.9610625485625486,72.83203125
30,10,31,0.9471542346542348,15.828125
30,11,28,0.9401612276612276,17.4453125
30,12,27,0.9485431235431236,19.078125
30,13,17,0.9457556332556332,20.640625
30,14,25,0.9499320124320124,22.34375
30,15,31,0.9652292152292152,24.03125
30,16,26,0.9527000777000778,25.6328125
30,17,27,0.9527097902097902,27.28125
30,18,25,0.9554972804972806,28.90625
30,19,28,0.9596736596736596,30.5703125
30,20,22,0.9540889665889664,32.1640625
30,21,20,0.954079254079254,33.7890625
30,22,36,0.9568861693861692,35.5546875
30,23,22,0.9624611499611498,37.0859375
30,24,37,0.9707944832944831,38.84375
30,25,31,0.9610625485625486,40.4375
30,26,31,0.9610625485625486,42.078125
30,27,30,0.9610722610722612,43.7109375
30,28,20,0.9582750582750584,45.2734375
30,29,29,0.9596639471639472,46.984375
30,30,17,0.9596639471639472,48.53125
30,31,28,0.961052836052836,50.2578125
30,32,23,0.9610625485625486,51.8046875
30,33,26,0.9624417249417252,53.5234375
30,34,28,0.9624514374514376,55.1796875
30,35,25,0.9596736596736598,56.796875
30,36,27,0.9694153069153068,58.453125
30,37,23,0.96246114996115,59.84375
30,38,24,0.9583041958041958,61.7109375
30,39,26,0.9610819735819736,63.09375
30,40,25,0.9624514374514376,64.7265625
30,41,24,0.9596736596736596,66.25
30,42,24,0.9638403263403263,67.5078125
30,43,23,0.9610625485625486,68.2109375
30,44,23,0.9610625485625486,70.5078125
30,45,23,0.9610625485625486,71.765625
30,46,23,0.9610625485625486,71.765625
30,47,23,0.9596736596736596,73.40625
30,48,23,0.9596736596736596,75.265625
30,49,23,0.9624514374514376,75.921875
30,50,29,0.9666278166278166,71.8671875
31,10,28,0.9388014763014764,16.32421875
31,11,36,0.9499320124320124,18.08203125
31,12,22,0.9457362082362084,19.66796875
31,13,26,0.944357031857032,21.39453125
31,14,27,0.9485236985236984,23.09765625
31,15,27,0.956895881895882,24.79296875
31,16,20,0.9527097902097902,26.43359375
31,17,24,0.955487567987568,28.16015625
31,18,17,0.9513306138306138,29.80078125
31,19,28,0.9554972804972806,31.58203125
31,20,27,0.956895881895882,33.26953125
31,21,26,0.9610625485625486,34.95703125
31,22,19,0.956895881895882,36.59765625
31,23,21,0.9554875679875678,38.30859375
31,24,27,0.9582556332556332,40.05078125
31,25,27,0.9624611499611498,41.74609375
31,26,24,0.956895881895882,43.41796875
31,27,28,0.9596833721833722,45.14453125
31,28,28,0.9582847707847708,46.83984375
31,29,25,0.9582847707847708,48.51171875
31,30,24,0.9596833721833722,50.19921875
31,31,29,0.9610625485625486,51.93359375
31,32,27,0.9610625485625486,53.50390625
31,33,30,0.9624708624708624,55.33203125
31,34,23,0.956895881895882,56.97265625
31,35,21,0.9596542346542346,58.65234375
31,36,27,0.9610722610722612,60.23046875
31,37,20,0.9582653457653456,62.03515625
31,38,27,0.9638403263403263,63.45703125
31,39,31,0.9652486402486404,64.91015625
31,40,27,0.9610625485625486,66.51953125
31,41,23,0.9624417249417248,68.67578125
31,42,23,0.9624417249417248,69.87890625
31,43,23,0.9666083916083916,71.13671875
31,44,24,0.961052836052836,73.00390625
31,45,27,0.9652389277389276,70.78515625
31,46,27,0.9666375291375292,71.38671875
31,47,27,0.9666375291375292,73.02734375
31,48,24,0.9624611499611498,75.24609375
31,49,24,0.9624611499611498,76.88671875
31,50,24,0.9624611499611498,76.44921875
32,10,33,0.942987567987568,16.8828125
32,11,20,0.944337606837607,18.53125
32,12,20,0.9457653457653457,20.28125
32,13,22,0.9499320124320124,22.046875
32,14,32,0.9499320124320124,23.875
32,15,31,0.955487567987568,25.6171875
32,16,25,0.9527195027195028,27.3203125
32,17,28,0.9513209013209012,29.09375
32,18,23,0.954118104118104,30.8046875
32,19,31,0.9554972804972804,32.6171875
32,20,20,0.9568473193473194,34.28125
32,21,24,0.9582750582750584,36.0625
32,22,28,0.9582847707847708,37.84375
32,23,26,0.9569055944055944,39.578125
32,24,28,0.956895881895882,41.34375
32,25,23,0.9596639471639472,43.0546875
32,26,25,0.9582944832944832,44.8203125
32,27,30,0.9666278166278164,46.609375
32,28,28,0.9596639471639472,48.34375
32,29,36,0.9610625485625486,50.15625
32,30,29,0.961052836052836,51.8515625
32,31,23,0.9582653457653456,53.5546875
32,32,25,0.956895881895882,55.3203125
32,33,30,0.9610625485625486,57.109375
32,34,27,0.9610625485625486,58.5625
32,35,21,0.9596542346542346,60.484375
32,36,30,0.9638403263403262,62.359375
32,37,28,0.9638500388500388,63.875
32,38,34,0.9652292152292152,65.1796875
32,39,20,0.9596639471639472,67.3125
32,40,28,0.961072261072261,68.5234375
32,41,27,0.9624514374514376,69.390625
32,42,28,0.9652389277389276,69.453125
32,43,28,0.96246114996115,72.4609375
32,44,28,0.96246114996115,71.6953125
32,45,32,0.9638500388500388,74.1875
32,46,32,0.9638500388500388,73.640625
32,47,32,0.9638500388500388,77.8515625
32,48,32,0.9638500388500388,77.3046875
32,49,32,0.9624611499611498,74.5703125
32,50,32,0.9624611499611498,76.4296875
33,10,49,0.9540695415695416,17.52734375
33,11,36,0.9471542346542348,19.23046875
33,12,30,0.9457556332556332,20.98828125
33,13,28,0.9471639471639473,22.77734375
33,14,31,0.9526903651903652,24.60546875
33,15,24,0.949941724941725,26.35546875
33,16,29,0.9541278166278164,28.19921875
33,17,31,0.9568861693861692,30.01953125
33,18,24,0.9610625485625486,31.76953125
33,19,21,0.9527097902097902,33.55078125
33,20,23,0.9540986790986792,35.37109375
33,21,27,0.956895881895882,37.20703125
33,22,19,0.9583041958041958,38.94921875
33,23,25,0.9568861693861692,40.80078125
33,24,26,0.9568861693861695,42.61328125
33,25,29,0.9596736596736598,44.44140625
33,26,23,0.9582847707847708,46.19921875
33,27,25,0.9554681429681432,48.01953125
33,28,29,0.9624514374514376,49.85546875
33,29,30,0.9638694638694638,51.66796875
33,30,36,0.9638694638694638,53.51953125
33,31,22,0.961072261072261,55.21484375
33,32,26,0.9582944832944832,56.88671875
33,33,27,0.9624514374514376,58.86328125
33,34,33,0.9652292152292152,60.49609375
33,35,31,0.9624417249417252,62.44921875
33,36,29,0.9652292152292152,64.29296875
33,37,29,0.9638500388500388,65.93359375
33,38,31,0.9624611499611498,67.48046875
33,39,29,0.966618104118104,69.16015625
33,40,24,0.9610625485625486,70.87109375
33,41,29,0.966618104118104,71.34765625
33,42,27,0.961052836052836,72.64453125
33,43,24,0.959683372183372,74.09765625
33,44,24,0.959683372183372,77.37890625
33,45,24,0.959683372183372,77.43359375
33,46,29,0.9652486402486404,76.21484375
33,47,29,0.9652486402486404,78.23828125
33,48,29,0.9652486402486404,79.55078125
33,49,29,0.9652486402486404,79.60546875
33,50,29,0.9652486402486404,80.15234375
34,10,33,0.941579254079254,17.921875
34,11,36,0.9485334110334112,19.8046875
34,12,26,0.947144522144522,21.5859375
34,13,16,0.9443570318570318,23.3671875
34,14,26,0.9471639471639473,25.3046875
34,15,32,0.9582750582750584,27.2109375
34,16,26,0.9513403263403262,29.0234375
34,17,32,0.955487567987568,30.9296875
34,18,34,0.9624611499611498,32.8046875
34,19,24,0.955487567987568,34.5859375
34,20,24,0.9554972804972806,36.4453125
34,21,28,0.9568764568764568,38.3359375
34,22,26,0.955506993006993,40.1796875
34,23,25,0.963830613830614,42.03125
34,24,22,0.955506993006993,43.8671875
34,25,28,0.9582847707847708,45.7734375
34,26,30,0.9624320124320124,47.6484375
34,27,34,0.959683372183372,49.5390625
34,28,25,0.9568861693861695,51.328125
34,29,25,0.9624417249417248,53.1875
34,30,32,0.9624417249417248,55.1015625
34,31,27,0.9596736596736596,56.921875
34,32,30,0.9610625485625486,58.8046875
34,33,29,0.9596639471639472,60.65625
34,34,31,0.963830613830614,62.421875
34,35,26,0.9610431235431236,64.3515625
34,36,35,0.9638403263403262,66.28125
34,37,28,0.9596736596736596,68.0859375
34,38,27,0.9610625485625486,69.828125
34,39,24,0.9610625485625488,71.6640625
34,40,28,0.9694055944055944,71.8046875
34,41,28,0.9624611499611498,73.5546875
34,42,25,0.9624611499611498,75.0078125
34,43,34,0.9624514374514376,76.71875
34,44,34,0.9652389277389276,79.5078125
34,45,34,0.9652389277389276,80.0
34,46,34,0.968026418026418,81.203125
34,47,34,0.968026418026418,81.96875
34,48,34,0.968026418026418,82.0234375
34,49,34,0.968026418026418,85.0859375
34,50,34,0.968026418026418,83.390625
35,10,35,0.9415889665889664,18.45703125
35,11,30,0.9457556332556332,20.33203125
35,12,27,0.947144522144522,22.22265625
35,13,26,0.9499222999223,24.12890625
35,14,16,0.9485334110334108,25.96484375
35,15,26,0.9513014763014762,27.95703125
35,16,32,0.954118104118104,29.91796875
35,17,26,0.9513306138306138,31.78515625
35,18,31,0.955487567987568,33.73828125
35,19,31,0.9624514374514376,35.65234375
35,20,21,0.9527097902097902,37.48828125
35,21,27,0.955506993006993,39.44921875
35,22,36,0.9582847707847708,41.43359375
35,23,36,0.9582653457653456,43.34765625
35,24,25,0.9582653457653456,45.17578125
35,25,32,0.9624514374514376,47.14453125
35,26,32,0.9680167055167054,49.05859375
35,27,25,0.9610625485625486,50.91796875
35,28,31,0.961052836052836,52.87890625
35,29,25,0.9624514374514376,54.74609375
35,30,24,0.956895881895882,56.65234375
35,31,34,0.9610819735819736,58.64453125
35,32,20,0.9596736596736596,60.44921875
35,33,34,0.9638403263403262,62.47265625
35,34,32,0.9638500388500388,64.20703125
35,35,25,0.9624417249417252,66.06640625
35,36,16,0.9568764568764568,68.07421875
35,37,24,0.9610625485625486,69.88671875
35,38,33,0.966618104118104,71.81640625
35,39,19,0.961052836052836,73.12890625
35,40,26,0.959683372183372,74.98828125
35,41,26,0.9624611499611498,75.80859375
35,42,30,0.9624514374514376,78.30078125
35,43,38,0.9680361305361306,79.56640625
35,44,34,0.968026418026418,79.75390625
35,45,34,0.968026418026418,82.92578125
35,46,24,0.9624417249417252,81.80859375
35,47,36,0.9624417249417248,79.93359375
35,48,36,0.9624417249417248,80.75390625
35,49,36,0.9624417249417248,81.46484375
35,50,24,0.961052836052836,85.63671875
36,10,37,0.941540404040404,18.9921875
36,11,25,0.944357031857032,20.8671875
36,12,27,0.9513014763014762,22.8515625
36,13,23,0.9485334110334108,24.7890625
36,14,33,0.9554972804972804,26.8359375
36,15,33,0.954118104118104,28.8046875
36,16,26,0.9513111888111888,30.71875
36,17,33,0.9596639471639472,32.7421875
36,18,32,0.9527195027195028,34.703125
36,19,35,0.961052836052836,36.6953125
36,20,30,0.9624514374514376,38.625
36,21,25,0.9568861693861692,40.5546875
36,22,30,0.9582750582750584,42.5625
36,23,24,0.9610625485625486,44.484375
36,24,23,0.9582750582750584,46.4453125
36,25,27,0.9624708624708624,48.4453125
36,26,25,0.9624514374514376,50.3984375
36,27,28,0.9624514374514376,52.390625
36,28,25,0.9582750582750584,54.3359375
36,29,30,0.9582847707847708,56.34375
36,30,24,0.9638403263403262,58.265625
36,31,25,0.9582944832944832,60.2421875
36,32,30,0.9624514374514376,62.25
36,33,23,0.961052836052836,64.1640625
36,34,24,0.9638500388500388,66.0859375
36,35,26,0.9638500388500388,68.0703125
36,36,31,0.9624611499611498,70.1328125
36,37,26,0.96246114996115,71.6796875
36,38,31,0.961072261072261,73.4140625
36,39,25,0.963830613830614,75.2265625
36,40,25,0.961052836052836,75.828125
36,41,31,0.9666278166278166,78.9921875
36,42,25,0.9596542346542346,79.1640625
36,43,36,0.9652389277389276,80.78125
36,44,31,0.9652389277389276,83.3671875
36,45,31,0.9638500388500388,84.1875
36,46,31,0.9680167055167054,84.296875
36,47,31,0.9680167055167054,87.3046875
36,48,31,0.9666278166278164,83.203125
36,49,31,0.9666278166278164,86.484375
36,50,31,0.9666278166278164,88.1796875
37,10,29,0.9443473193473194,19.44921875
37,11,33,0.9443667443667444,21.50390625
37,12,31,0.9485431235431234,23.51171875
37,13,33,0.9513209013209012,25.55078125
37,14,31,0.9527097902097902,27.55859375
37,15,37,0.9540986790986792,29.62890625
37,16,27,0.9526903651903652,31.57421875
37,17,29,0.9596542346542346,33.61328125
37,18,30,0.955487567987568,35.64453125
37,19,29,0.9554778554778556,37.66015625
37,20,18,0.9568861693861692,39.59765625
37,21,25,0.9596736596736596,41.67578125
37,22,27,0.9596736596736598,43.71484375
37,23,31,0.9596833721833722,45.76953125
37,24,25,0.9582847707847708,47.74609375
37,25,27,0.9582653457653456,49.78515625
37,26,26,0.961052836052836,51.80078125
37,27,18,0.9596833721833722,53.76171875
37,28,24,0.9638500388500388,55.83203125
37,29,25,0.961052836052836,57.86328125
37,30,25,0.9582750582750584,59.88671875
37,31,33,0.9638500388500388,61.97265625
37,32,29,0.9624514374514376,63.96484375
37,33,29,0.9610625485625486,65.98828125
37,34,30,0.961072261072261,68.01953125
37,35,31,0.9610819735819736,70.05078125
37,36,33,0.9624417249417252,71.76171875
37,37,36,0.9638209013209011,73.91796875
37,38,31,0.9652389277389276,75.35546875
37,39,32,0.9707944832944831,77.87890625
37,40,31,0.9638403263403262,79.67578125
37,41,30,0.9638500388500388,80.48828125
37,42,25,0.9610431235431236,80.39453125
37,43,25,0.9610431235431236,82.85546875
37,44,30,0.96246114996115,85.13671875
37,45,29,0.9638500388500388,86.22265625
37,46,36,0.9652292152292152,87.15234375
37,47,36,0.9652292152292152,86.60546875
37,48,36,0.9652292152292152,84.36328125
37,49,36,0.968006993006993,85.23828125
37,50,36,0.968006993006993,88.08203125
38,10,24,0.9415986790986792,19.9296875
38,11,18,0.9443667443667444,21.9609375
38,12,37,0.9499125874125872,24.1875
38,13,25,0.9527097902097902,26.171875
38,14,27,0.9513306138306138,28.265625
38,15,30,0.9541278166278166,30.3671875
38,16,25,0.954118104118104,32.40625
38,17,25,0.9540986790986792,34.484375
38,18,28,0.9540986790986792,36.5859375
38,19,31,0.9568861693861695,38.6875
38,20,20,0.9582653457653456,40.6796875
38,21,27,0.955487567987568,42.8125
38,22,28,0.9624514374514376,44.8984375
38,23,31,0.9582750582750584,47.0
38,24,29,0.9624514374514376,49.0625
38,25,35,0.9582847707847708,51.1875
38,26,31,0.9596542346542346,53.234375
38,27,20,0.9596542346542346,55.2265625
38,28,27,0.9610722610722612,57.359375
38,29,26,0.9624514374514376,59.4296875
38,30,31,0.9624514374514376,61.546875
38,31,29,0.9610431235431234,63.609375
38,32,26,0.9638500388500388,65.6640625
38,33,26,0.961052836052836,67.7421875
38,34,22,0.9610431235431236,69.7890625
38,35,24,0.9610625485625486,71.8828125
38,36,27,0.961052836052836,73.8203125
38,37,27,0.9610722610722612,75.953125
38,38,30,0.9610819735819736,77.5078125
38,39,25,0.9652292152292152,79.65625
38,40,25,0.9624417249417252,80.9140625
38,41,28,0.9638500388500388,83.125
38,42,29,0.9610625485625488,85.2109375
38,43,29,0.9610625485625488,85.703125
38,44,27,0.9610625485625486,84.484375
38,45,27,0.9610625485625486,88.8046875
38,46,27,0.9610625485625486,87.21875
38,47,29,0.9610625485625486,87.5078125
38,48,27,0.9624514374514376,91.4296875
38,49,27,0.9624514374514376,90.5
38,50,31,0.9610625485625486,90.96875
39,10,24,0.9513111888111888,20.44921875
39,11,26,0.942968142968143,22.59765625
39,12,29,0.9513111888111888,24.75390625
39,13,31,0.9485236985236984,26.90234375
39,14,30,0.9540986790986792,29.02734375
39,15,27,0.9554778554778556,31.13671875
39,16,26,0.9527097902097902,33.26171875
39,17,31,0.9554778554778556,35.43359375
39,18,31,0.9582653457653456,37.56640625
39,19,27,0.9554875679875678,39.66796875
39,20,27,0.9596639471639472,41.80078125
39,21,28,0.9582847707847708,43.94140625
39,22,30,0.9582944832944832,46.08984375
39,23,29,0.9568861693861692,48.21484375
39,24,33,0.9638403263403262,50.37890625
39,25,40,0.9721930846930849,52.56640625
39,26,31,0.9624514374514376,54.62890625
39,27,17,0.9610625485625486,56.65234375
39,28,27,0.9569055944055944,58.86328125
39,29,41,0.9652389277389276,61.10546875
39,30,23,0.9582847707847708,63.09765625
39,31,28,0.9582944832944832,65.26953125
39,32,24,0.959683372183372,67.37109375
39,33,26,0.9624514374514376,69.51953125
39,34,31,0.9624320124320124,71.69140625
39,35,31,0.9596542346542346,73.66015625
39,36,23,0.9624514374514372,75.83984375
39,37,22,0.963830613830614,77.80078125
39,38,34,0.9666083916083916,79.80859375
39,39,32,0.9638403263403263,81.87109375
39,40,31,0.9652292152292152,83.01171875
39,41,34,0.9652292152292152,85.27734375
39,42,31,0.9652389277389276,86.67578125
39,43,30,0.9624514374514376,87.43359375
39,44,32,0.9638403263403263,89.80078125
39,45,32,0.9638403263403263,92.04296875
39,46,32,0.9638403263403263,91.55078125
39,47,32,0.9624514374514376,93.68359375
39,48,32,0.9624514374514376,93.08203125
39,49,32,0.9624514374514376,92.86328125
39,50,32,0.9624514374514376,92.75390625
40,10,24,0.9415695415695418,20.96875
40,11,21,0.9415986790986792,23.1328125
40,12,24,0.9485236985236984,25.34375
40,13,30,0.9485431235431234,27.578125
40,14,26,0.9554972804972806,29.734375
40,15,36,0.9624222999223,32.0
40,16,28,0.9540986790986792,34.125
40,17,29,0.9527097902097902,36.3203125
40,18,27,0.9540986790986792,38.4921875
40,19,23,0.956895881895882,40.6484375
40,20,31,0.956895881895882,42.8984375
40,21,16,0.9568861693861695,44.96875
40,22,27,0.9568861693861692,47.2421875
40,23,28,0.9638500388500388,49.4375
40,24,26,0.9582847707847708,51.609375
40,25,30,0.9624611499611498,53.828125
40,26,29,0.9582847707847708,56.0078125
40,27,30,0.9583041958041958,58.203125
40,28,24,0.9624514374514372,60.34375
40,29,29,0.9638403263403262,62.5703125
40,30,28,0.9624708624708624,64.75
40,31,20,0.9596542346542346,66.875
40,32,32,0.9610625485625486,69.15625
40,33,27,0.9624417249417248,71.25
40,34,28,0.9624514374514376,73.5
40,35,33,0.96246114996115,75.7265625
40,36,20,0.9596639471639472,77.7578125
40,37,24,0.9638403263403263,79.921875
40,38,26,0.9610625485625486,81.9609375
40,39,31,0.9624320124320124,83.4765625
40,40,26,0.9624514374514376,86.3359375
40,41,20,0.9596833721833722,88.203125
40,42,20,0.961072261072261,89.515625
40,43,24,0.9624611499611498,92.0078125
40,44,24,0.9652389277389276,93.921875
40,45,24,0.9652389277389276,96.4375
40,46,20,0.9596736596736596,97.0625
40,47,29,0.9610625485625486,94.015625
40,48,29,0.9596736596736596,91.4453125
40,49,29,0.9596736596736596,96.4765625
40,50,29,0.9596736596736596,96.421875
41,10,37,0.9443376068376068,21.58984375
41,11,33,0.9443473193473194,23.80078125
41,12,31,0.9485236985236986,26.02734375
41,13,21,0.9457556332556332,28.19140625
41,14,29,0.949941724941725,30.49609375
41,15,24,0.9513014763014762,32.69921875
41,16,25,0.9541083916083916,34.94921875
41,17,28,0.9541083916083916,37.21484375
41,18,29,0.9610625485625486,39.46484375
41,19,36,0.9582750582750584,41.76171875
41,20,28,0.956895881895882,43.94140625
41,21,28,0.9596736596736596,46.18359375
41,22,29,0.9638500388500388,48.43359375
41,23,17,0.955506993006993,50.58203125
41,24,28,0.9582750582750584,52.91015625
41,25,25,0.9624417249417248,55.12890625
41,26,36,0.9652292152292152,57.45703125
41,27,30,0.9624514374514376,59.65234375
41,28,27,0.9582847707847708,61.87109375
41,29,27,0.9596736596736596,64.11328125
41,30,36,0.963830613830614,66.42578125
41,31,28,0.963830613830614,68.60546875
41,32,25,0.961072261072261,70.82421875
41,33,25,0.9638403263403262,73.01171875
41,34,33,0.9652486402486404,75.37109375
41,35,26,0.9610722610722612,77.50390625
41,36,32,0.961052836052836,79.84765625
41,37,19,0.9596639471639472,81.93359375
41,38,27,0.9624708624708624,83.69140625
41,39,33,0.9638500388500388,85.98046875
41,40,28,0.9680167055167056,87.41796875
41,41,26,0.9596639471639472,90.02734375
41,42,24,0.9610625485625486,92.08984375
41,43,26,0.961072261072261,91.44921875
41,44,24,0.9610625485625486,95.48046875
41,45,24,0.9610625485625486,95.42578125
41,46,24,0.9610625485625486,98.59765625
41,47,24,0.9610625485625486,99.19921875
41,48,24,0.9610625485625486,100.18359375
41,49,23,0.9596639471639472,100.66796875
41,50,23,0.9596639471639472,103.12890625
42,10,28,0.9415695415695416,22.0390625
42,11,32,0.944376456876457,24.3671875
42,12,26,0.9499222999223,26.6171875
42,13,30,0.947144522144522,28.9453125
42,14,32,0.9568861693861695,31.2578125
42,15,25,0.9513209013209014,33.5
42,16,21,0.9513111888111888,35.765625
42,17,32,0.9554778554778556,38.1484375
42,18,25,0.9540889665889664,40.390625
42,19,26,0.9596639471639472,42.6953125
42,20,33,0.9582750582750584,45.046875
42,21,30,0.9652292152292152,47.3203125
42,22,36,0.9638403263403263,49.6640625
42,23,28,0.9624417249417248,51.8984375
42,24,27,0.961052836052836,54.1875
42,25,28,0.9624417249417252,56.4921875
42,26,35,0.9610819735819736,58.84375
42,27,31,0.9582847707847708,61.109375
42,28,34,0.9610625485625486,63.4296875
42,29,37,0.9652389277389276,65.75
42,30,23,0.9568861693861692,67.9375
42,31,24,0.9596736596736598,70.2421875
42,32,24,0.9596833721833722,72.5390625
42,33,30,0.9638500388500388,74.8828125
42,34,26,0.9624514374514376,77.09375
42,35,27,0.9596736596736598,79.453125
42,36,24,0.9652389277389276,81.6171875
42,37,30,0.9638403263403263,83.578125
42,38,26,0.96246114996115,85.6796875
42,39,23,0.9624514374514372,88.5546875
42,40,31,0.9652389277389276,90.5859375
42,41,26,0.9624514374514376,92.3515625
42,42,32,0.9652195027195029,93.0546875
42,43,31,0.9652389277389276,95.015625
42,44,31,0.9638500388500388,97.3671875
42,45,31,0.9652389277389276,96.3828125
42,46,26,0.9596736596736598,98.640625
42,47,26,0.9624514374514376,97.8203125
42,48,31,0.9666278166278166,101.1953125
42,49,31,0.9666278166278166,106.0078125
42,50,31,0.9666278166278166,100.2109375
43,10,28,0.9415695415695416,22.55859375
43,11,25,0.9443667443667442,24.88671875
43,12,26,0.9457653457653457,27.24609375
43,13,40,0.9512917637917638,29.70703125
43,14,35,0.961052836052836,32.01953125
43,15,31,0.9568764568764568,34.33984375
43,16,28,0.9527195027195028,36.66796875
43,17,30,0.9527097902097902,39.03515625
43,18,24,0.9540986790986792,41.33984375
43,19,27,0.9596639471639472,43.71484375
43,20,25,0.9582750582750584,46.05078125
43,21,26,0.956895881895882,48.41015625
43,22,18,0.955487567987568,50.69921875
43,23,26,0.9596736596736596,53.11328125
43,24,28,0.9582847707847708,55.48046875
43,25,31,0.9582556332556332,57.85546875
43,26,31,0.9596639471639472,60.20703125
43,27,24,0.9582750582750584,62.50390625
43,28,24,0.961052836052836,64.85546875
43,29,28,0.9569055944055944,67.23828125
43,30,24,0.9610431235431236,69.55859375
43,31,25,0.9596639471639472,71.91796875
43,32,28,0.961052836052836,74.23828125
43,33,26,0.9610625485625486,76.62890625
43,34,22,0.9568861693861695,78.89453125
43,35,26,0.9596639471639472,81.16796875
43,36,26,0.9610625485625486,83.35546875
43,37,27,0.9610625485625486,85.22265625
43,38,28,0.970804195804196,88.34765625
43,39,24,0.9638403263403262,90.33984375
43,40,24,0.961052836052836,92.03515625
43,41,30,0.961072261072261,93.77734375
43,42,28,0.9596639471639472,95.67578125
43,43,31,0.9610431235431236,96.62890625
43,44,36,0.968006993006993,97.05078125
43,45,27,0.9638403263403262,98.07421875
43,46,25,0.96520979020979,97.89453125
43,47,25,0.96520979020979,102.21484375
43,48,25,0.96520979020979,99.69921875
43,49,25,0.96520979020979,101.50390625
43,50,25,0.96520979020979,101.94140625
44,10,26,0.944357031857032,23.0625
44,11,36,0.9457750582750584,25.546875
44,12,30,0.9499417249417248,27.90625
44,13,28,0.9527000777000776,30.296875
44,14,31,0.9527195027195028,32.7265625
44,15,31,0.9568861693861692,35.1328125
44,16,36,0.963830613830614,37.578125
44,17,25,0.9554972804972806,39.8984375
44,18,34,0.9554972804972804,42.375
44,19,26,0.9554972804972804,44.71875
44,20,25,0.9610625485625486,47.1171875
44,21,25,0.9596736596736598,49.5234375
44,22,22,0.9554972804972806,51.90625
44,23,30,0.961072261072261,54.375
44,24,25,0.9596639471639472,56.7421875
44,25,26,0.9610625485625486,59.15625
44,26,15,0.956895881895882,61.4765625
44,27,35,0.9638500388500388,64.0390625
44,28,30,0.9596833721833722,66.40625
44,29,22,0.9596542346542346,68.75
44,30,22,0.9624514374514376,71.15625
44,31,25,0.9610625485625486,73.53125
44,32,34,0.9624611499611498,76.0625
44,33,40,0.9680167055167054,78.515625
44,34,29,0.9596736596736596,80.8359375
44,35,27,0.9596736596736596,83.2265625
44,36,27,0.9596736596736596,85.46875
44,37,24,0.9596833721833722,87.9609375
44,38,25,0.966618104118104,89.71875
44,39,24,0.963830613830614,92.2265625
44,40,25,0.9652195027195029,94.2578125
44,41,25,0.9666278166278166,96.0625
44,42,25,0.9652389277389276,97.7578125
44,43,30,0.9680167055167056,98.453125
44,44,29,0.9624514374514376,101.015625
44,45,33,0.9666278166278164,101.7578125
44,46,33,0.9666278166278164,104.109375
44,47,33,0.9666278166278164,105.0390625
44,48,33,0.9666278166278164,105.96875
44,49,30,0.96246114996115,106.9296875
44,50,30,0.96246114996115,104.359375
45,10,29,0.944357031857032,23.60546875
45,11,24,0.9443667443667444,26.02734375
45,12,25,0.947144522144522,28.49609375
45,13,25,0.9540986790986792,30.95703125
45,14,26,0.9513111888111888,33.42578125
45,15,25,0.9499125874125872,35.87890625
45,16,20,0.9499320124320124,38.30078125
45,17,26,0.961052836052836,40.80859375
45,18,24,0.9582847707847708,43.25390625
45,19,25,0.9582653457653456,45.72265625
45,20,29,0.9582847707847708,48.21484375
45,21,26,0.9568764568764568,50.65234375
45,22,27,0.9596639471639472,53.12109375
45,23,27,0.9596736596736596,55.58203125
45,24,27,0.9596736596736596,58.04296875
45,25,25,0.9582847707847708,60.48828125
45,26,38,0.9638403263403262,63.05078125
45,27,34,0.9624611499611498,65.48046875
45,28,31,0.9624417249417248,67.91796875
45,29,27,0.9582653457653456,70.34765625
45,30,33,0.9610625485625486,72.85546875
45,31,29,0.9638403263403262,75.28515625
45,32,25,0.9624611499611498,77.71484375
45,33,31,0.9624514374514376,80.22265625
45,34,23,0.961052836052836,82.62109375
45,35,27,0.9624708624708624,85.05859375
45,36,31,0.9666278166278166,87.27734375
45,37,22,0.9582750582750584,89.99609375
45,38,26,0.961072261072261,91.94140625
45,39,32,0.9652292152292152,94.83203125
45,40,23,0.9638403263403263,97.05859375
45,41,23,0.9666278166278166,99.46484375
45,42,29,0.9638403263403263,99.62109375
45,43,29,0.9638403263403263,102.84765625
45,44,34,0.9624514374514376,103.16015625
45,45,32,0.9624514374514376,103.85546875
45,46,32,0.9624514374514376,103.96484375
45,47,32,0.9624514374514376,108.66796875
45,48,36,0.961072261072261,106.01953125
45,49,36,0.961072261072261,106.45703125
45,50,36,0.961072261072261,104.10546875
46,10,24,0.9415889665889664,24.0859375
46,11,21,0.942968142968143,26.578125
46,12,31,0.9485334110334108,29.171875
46,13,25,0.9471445221445224,31.640625
46,14,27,0.9485334110334112,34.171875
46,15,32,0.9527097902097902,36.7265625
46,16,24,0.9499320124320124,39.1796875
46,17,32,0.9596639471639472,41.7578125
46,18,24,0.955487567987568,44.2109375
46,19,37,0.966618104118104,46.828125
46,20,33,0.9582750582750584,49.3125
46,21,25,0.9568764568764568,51.765625
46,22,30,0.9596542346542346,54.3203125
46,23,29,0.956895881895882,56.828125
46,24,37,0.9638403263403263,59.40625
46,25,26,0.9596833721833722,61.8359375
46,26,33,0.961052836052836,64.40625
46,27,30,0.9624514374514376,66.8984375
46,28,23,0.9582847707847708,69.359375
46,29,27,0.9582750582750584,71.90625
46,30,36,0.9721930846930849,74.4921875
46,31,25,0.9582750582750584,76.921875
46,32,35,0.9652292152292152,79.515625
46,33,25,0.9638403263403262,81.953125
46,34,36,0.9652292152292152,84.390625
46,35,25,0.96246114996115,86.6015625
46,36,26,0.963830613830614,88.90625
46,37,23,0.9624417249417248,91.9453125
46,38,26,0.9624611499611498,94.15625
46,39,26,0.9596639471639472,96.1796875
46,40,31,0.9624514374514372,98.6796875
46,41,23,0.9582944832944832,101.078125
46,42,31,0.9610625485625486,101.90625
46,43,26,0.9652292152292152,104.65625
46,44,26,0.9624514374514376,102.8515625
46,45,26,0.9652292152292152,104.328125
46,46,31,0.9652292152292152,107.4296875
46,47,31,0.9652292152292152,109.7265625
46,48,26,0.9624320124320124,109.03125
46,49,26,0.9624320124320124,109.8515625
46,50,26,0.9624320124320124,108.15625
47,10,25,0.9401806526806528,24.61328125
47,11,30,0.9457556332556332,27.22265625
47,12,25,0.9485236985236984,29.75390625
47,13,25,0.9513111888111888,32.32421875
47,14,37,0.955487567987568,34.98828125
47,15,28,0.9568861693861692,37.48828125
47,16,33,0.9540986790986792,40.09765625
47,17,26,0.9540986790986792,42.61328125
47,18,27,0.955487567987568,45.19140625
47,19,24,0.9540986790986792,47.73828125
47,20,27,0.955506993006993,50.33203125
47,21,25,0.9582750582750584,52.88671875
47,22,27,0.9568861693861692,55.47265625
47,23,25,0.9582750582750584,58.02734375
47,24,33,0.9638403263403262,60.66015625
47,25,25,0.9596736596736596,63.16796875
47,26,34,0.9610625485625486,65.80859375
47,27,30,0.9666278166278164,68.34765625
47,28,31,0.963830613830614,70.92578125
47,29,32,0.9624514374514376,73.50390625
47,30,32,0.9638403263403263,76.07421875
47,31,27,0.9624708624708624,78.55078125
47,32,31,0.9638403263403263,81.20703125
47,33,25,0.961052836052836,83.67578125
47,34,26,0.9596736596736596,86.30859375
47,35,25,0.9638500388500388,88.87109375
47,36,26,0.961052836052836,91.39453125
47,37,37,0.966618104118104,93.72265625
47,38,26,0.9610431235431236,95.55078125
47,39,26,0.9638500388500388,98.17578125
47,40,29,0.9652486402486404,99.40234375
47,41,25,0.961033411033411,103.25390625
47,42,34,0.9666375291375292,103.54296875
47,43,26,0.9652389277389276,105.77734375
47,44,26,0.9638500388500388,106.70703125
47,45,26,0.9652389277389276,109.87890625
47,46,26,0.9624417249417252,109.22265625
47,47,26,0.9624417249417252,109.38671875
47,48,26,0.9624417249417252,112.06640625
47,49,26,0.9624417249417252,109.98828125
47,50,26,0.9624417249417252,112.50390625
48,10,27,0.9374125874125874,25.1484375
48,11,26,0.9457459207459208,27.765625
48,12,37,0.9596542346542346,30.4765625
48,13,26,0.9513306138306138,33.015625
48,14,33,0.955487567987568,35.6953125
48,15,26,0.9527195027195028,38.265625
48,16,31,0.955487567987568,40.9296875
48,17,26,0.9526903651903652,43.515625
48,18,27,0.9568667443667443,46.1484375
48,19,27,0.9541083916083916,48.7734375
48,20,24,0.9554972804972806,51.375
48,21,37,0.9652389277389276,54.1015625
48,22,25,0.9568861693861692,56.6328125
48,23,30,0.961052836052836,59.296875
48,24,25,0.9638597513597512,61.8828125
48,25,24,0.9596348096348096,64.5
48,26,27,0.9582653457653456,67.1484375
48,27,34,0.9624708624708624,69.828125
48,28,28,0.9624611499611498,72.40625
48,29,26,0.9624514374514376,75.015625
48,30,24,0.9596736596736596,77.625
48,31,27,0.9610625485625486,80.2734375
48,32,26,0.9596833721833722,82.890625
48,33,25,0.9596833721833722,85.5078125
48,34,26,0.9638403263403263,88.03125
48,35,38,0.9666278166278166,90.859375
48,36,27,0.9624417249417252,93.34375
48,37,21,0.9624320124320124,95.9765625
48,38,27,0.963830613830614,98.1015625
48,39,27,0.963830613830614,100.78125
48,40,25,0.9652486402486404,102.5703125
48,41,25,0.9624611499611498,104.59375
48,42,30,0.9652292152292152,106.65625
48,43,25,0.9638500388500388,108.6953125
48,44,22,0.9610625485625486,110.53125
48,45,31,0.9638500388500388,110.984375
48,46,31,0.9624514374514376,112.296875
48,47,31,0.9624514374514376,113.390625
48,48,29,0.9610625485625486,113.046875
48,49,29,0.9610625485625486,113.921875
48,50,29,0.9610625485625486,117.75
49,10,25,0.9387820512820512,25.65234375
49,11,19,0.941579254079254,28.28515625
49,12,24,0.9457556332556332,31.00390625
49,13,24,0.9485334110334108,33.68359375
49,14,37,0.9652389277389276,36.46484375
49,15,18,0.9527097902097902,38.99609375
49,16,27,0.961052836052836,41.74609375
49,17,33,0.9568861693861692,44.47265625
49,18,28,0.9582750582750584,47.11328125
49,19,26,0.956895881895882,49.77734375
49,20,25,0.9554972804972804,52.44921875
49,21,26,0.9568861693861695,55.13671875
49,22,25,0.9596930846930846,57.80859375
49,23,26,0.9582750582750584,60.49609375
49,24,29,0.9596833721833722,63.19921875
49,25,31,0.9638597513597512,65.89453125
49,26,32,0.9624514374514376,68.58203125
49,27,27,0.9596542346542346,71.22265625
49,28,28,0.961052836052836,73.91015625
49,29,25,0.961052836052836,76.56640625
49,30,27,0.9596542346542346,79.26171875
49,31,25,0.9582750582750584,81.92578125
49,32,27,0.9610625485625486,84.51171875
49,33,27,0.9624611499611498,87.30078125
49,34,32,0.9638500388500388,89.91015625
49,35,24,0.9624611499611498,92.63671875
49,36,25,0.962480574980575,95.21484375
49,37,30,0.9610625485625486,97.76953125
49,38,24,0.963830613830614,100.29296875
49,39,24,0.9652195027195029,102.42578125
49,40,33,0.9652389277389276,104.90234375
49,41,31,0.9652389277389276,107.51171875
49,42,31,0.9652389277389276,108.98828125
49,43,26,0.9624417249417248,110.48046875
49,44,25,0.961052836052836,109.48828125
49,45,25,0.961052836052836,111.73046875
49,46,32,0.9638403263403263,114.35546875
49,47,32,0.9638403263403263,120.97265625
49,48,25,0.9610625485625486,116.37890625
49,49,25,0.9610625485625486,116.21484375
49,50,25,0.9610625485625486,119.87890625
50,10,33,0.9457362082362084,26.234375
50,11,24,0.9457653457653457,28.8984375
50,12,30,0.9485431235431236,31.6796875
50,13,25,0.9485236985236984,34.375
50,14,24,0.9499320124320124,37.1015625
50,15,21,0.9527097902097902,39.8125
50,16,37,0.9582847707847708,42.671875
50,17,31,0.9541083916083916,45.359375
50,18,28,0.9596639471639472,48.0703125
50,19,27,0.9582750582750584,50.796875
50,20,25,0.9596639471639472,53.515625
50,21,25,0.9568861693861695,56.25
50,22,25,0.9582944832944832,58.984375
50,23,26,0.961072261072261,61.7265625
50,24,29,0.9638500388500388,64.484375
50,25,25,0.961072261072261,67.1875
50,26,31,0.9624514374514376,69.96875
50,27,24,0.961052836052836,72.6484375
50,28,31,0.968006993006993,75.4375
50,29,30,0.961072261072261,78.1640625
50,30,27,0.9582944832944832,80.875
50,31,27,0.9610625485625486,83.5546875
50,32,28,0.9610819735819736,86.3515625
50,33,33,0.9624514374514376,89.125
50,34,30,0.9624514374514376,91.8359375
50,35,26,0.9624417249417248,94.484375
50,36,26,0.9624417249417248,97.0546875
50,37,28,0.9624514374514376,99.5859375
50,38,26,0.9610625485625486,102.3046875
50,39,25,0.961052836052836,103.9375
50,40,24,0.9624320124320124,107.59375
50,41,24,0.9624320124320124,110.4375
50,42,26,0.963830613830614,110.6171875
50,43,26,0.961052836052836,112.3125
50,44,20,0.9596542346542346,115.6015625
50,45,20,0.9596542346542346,118.4453125
50,46,24,0.961052836052836,120.5546875
50,47,24,0.961052836052836,121.8671875
50,48,24,0.961052836052836,121.8671875
50,49,24,0.961052836052836,125.0390625
50,50,24,0.961052836052836,122.1953125
